{
    "name": "Dropout Cnn",
    "accuracy": 0.7083,
    "loss": 0.8602,
    "precision": 0.8329,
    "recall": 0.5623,
    "training_time": 42.9,
    "training_config": "{'epochs': 20, 'batch_size': 64, 'learning_rate': 0.001, 'early_stopping': True, 'reduce_lr': True}",
    "learning_curve": "results/dropout_cnn_learning_curve.png",
    "confusion_matrix": "results/dropout_cnn_confusion_matrix.png",
    "architecture": "CNN z warstwami Dropout w celu ograniczenia nadmiernego dopasowania.",
    "classification_report": {
        "0": {
            "precision": 0.7470588235294118,
            "recall": 0.762,
            "f1-score": 0.7544554455445545,
            "support": 1000.0
        },
        "1": {
            "precision": 0.8752711496746204,
            "recall": 0.807,
            "f1-score": 0.8397502601456815,
            "support": 1000.0
        },
        "2": {
            "precision": 0.6030769230769231,
            "recall": 0.588,
            "f1-score": 0.5954430379746836,
            "support": 1000.0
        },
        "3": {
            "precision": 0.4919148936170213,
            "recall": 0.578,
            "f1-score": 0.5314942528735632,
            "support": 1000.0
        },
        "4": {
            "precision": 0.6170212765957447,
            "recall": 0.696,
            "f1-score": 0.6541353383458647,
            "support": 1000.0
        },
        "5": {
            "precision": 0.6857523302263648,
            "recall": 0.515,
            "f1-score": 0.5882352941176471,
            "support": 1000.0
        },
        "6": {
            "precision": 0.7476190476190476,
            "recall": 0.785,
            "f1-score": 0.7658536585365854,
            "support": 1000.0
        },
        "7": {
            "precision": 0.8411552346570397,
            "recall": 0.699,
            "f1-score": 0.7635172037138176,
            "support": 1000.0
        },
        "8": {
            "precision": 0.7357203751065644,
            "recall": 0.863,
            "f1-score": 0.7942936033133916,
            "support": 1000.0
        },
        "9": {
            "precision": 0.8102564102564103,
            "recall": 0.79,
            "f1-score": 0.8,
            "support": 1000.0
        },
        "accuracy": 0.7083,
        "macro avg": {
            "precision": 0.7154846464359148,
            "recall": 0.7082999999999999,
            "f1-score": 0.7087178094565789,
            "support": 10000.0
        },
        "weighted avg": {
            "precision": 0.7154846464359148,
            "recall": 0.7083,
            "f1-score": 0.708717809456579,
            "support": 10000.0
        }
    }
}