{
    "name": "Simple Cnn",
    "accuracy": 0.6829,
    "loss": 0.9398,
    "precision": 0.7699,
    "recall": 0.6027,
    "training_time": 26.0,
    "training_config": "{'epochs': 15, 'batch_size': 64, 'learning_rate': 0.001, 'early_stopping': True, 'reduce_lr': False}",
    "learning_curve": "results/simple_cnn_learning_curve.png",
    "confusion_matrix": "results/simple_cnn_confusion_matrix.png",
    "architecture": "Prosta sie\u0107 CNN z dwiema warstwami konwolucyjnymi i jedn\u0105 warstw\u0105 g\u0119st\u0105.",
    "classification_report": {
        "0": {
            "precision": 0.6805293005671077,
            "recall": 0.72,
            "f1-score": 0.6997084548104956,
            "support": 1000.0
        },
        "1": {
            "precision": 0.8124341412012644,
            "recall": 0.771,
            "f1-score": 0.7911749615187276,
            "support": 1000.0
        },
        "2": {
            "precision": 0.478169014084507,
            "recall": 0.679,
            "f1-score": 0.5611570247933885,
            "support": 1000.0
        },
        "3": {
            "precision": 0.5996621621621622,
            "recall": 0.355,
            "f1-score": 0.44597989949748745,
            "support": 1000.0
        },
        "4": {
            "precision": 0.6411582213029989,
            "recall": 0.62,
            "f1-score": 0.630401626842908,
            "support": 1000.0
        },
        "5": {
            "precision": 0.6126401630988787,
            "recall": 0.601,
            "f1-score": 0.6067642604745078,
            "support": 1000.0
        },
        "6": {
            "precision": 0.8012752391073327,
            "recall": 0.754,
            "f1-score": 0.7769191138588356,
            "support": 1000.0
        },
        "7": {
            "precision": 0.7452357071213641,
            "recall": 0.743,
            "f1-score": 0.7441161742613921,
            "support": 1000.0
        },
        "8": {
            "precision": 0.7769002961500494,
            "recall": 0.787,
            "f1-score": 0.7819175360158966,
            "support": 1000.0
        },
        "9": {
            "precision": 0.7384473197781886,
            "recall": 0.799,
            "f1-score": 0.7675312199807877,
            "support": 1000.0
        },
        "accuracy": 0.6829,
        "macro avg": {
            "precision": 0.6886451564573853,
            "recall": 0.6829000000000001,
            "f1-score": 0.6805670272054426,
            "support": 10000.0
        },
        "weighted avg": {
            "precision": 0.6886451564573853,
            "recall": 0.6829,
            "f1-score": 0.6805670272054427,
            "support": 10000.0
        }
    }
}